"","processid","sampleid"
"1","ABINP2493-21","BIOUG66076-D04"
"2","ABINP3311-21","BIOUG66085-A03"
"3","ABINP413-21","BIOUG66055-G04"
"4","AGAKL1885-17","BIOUG32170-C10"
"5","AGAKQ1340-17","BIOUG32603-F08"
"6","AGAKQ1455-17","BIOUG32604-H04"
"7","AGAKQ1471-17","BIOUG32605-A09"
"8","AGAKT1089-17","BIOUG32615-G06"
"9","AGAKT1538-17","BIOUG32634-E04"
"10","ALSTB1806-17","BIOUG36387-D02"
"11","AMCAO518-20","BIOUG55449-F10"
"12","AMCAP484-20","BIOUG55454-E12"
"13","AMCAP530-20","BIOUG55455-A11"
"14","AMCAS395-21","BIOUG66113-B12"
"15","ARGAB3410-19","BIOUG46286-F06"
"16","ARGAB4771-19","BIOUG46329-H08"
"17","ARGAB6596-19","BIOUG46377-H01"
"18","ARGAB7892-19","BIOUG46536-C01"
"19","ARGAB7912-19","BIOUG46536-D09"
"20","ARGAB7937-19","BIOUG46536-F10"
"21","ARGAB8849-19","BIOUG46586-C08"
"22","ARGAB9774-20","BIOUG52194-B11"
"23","ASDMT1502-11","BIOUG01460-A05"
"24","ASDMT1730-11","BIOUG01543-D07"
"25","ASDMT1746-11","BIOUG01543-E11"
"26","ASDMT457-11","BIOUG01406-E01"
"27","ASDMT961-11","BIOUG01423-C10"
"28","AUSCL1401-12","BIOUG02498-D12"
"29","AUSCL1413-12","BIOUG02498-E12"
"30","AUSCL1415-12","BIOUG02498-F02"
"31","AUSCL1427-12","BIOUG02498-G02"
"32","AUSCL1428-12","BIOUG02498-G03"
"33","AUSCL1434-12","BIOUG02498-G09"
"34","AUSCL1437-12","BIOUG02498-G12"
"35","AUSCL1551-12","BIOUG02501-A08"
"36","AUSCL1559-12","BIOUG02501-B04"
"37","AUSCL1567-12","BIOUG02501-B12"
"38","AUSCL1944-12","BIOUG02508-B09"
"39","AUSCL1965-12","BIOUG02508-D06"
"40","AUSCL1994-12","BIOUG02508-F11"
"41","AUSCL1997-12","BIOUG02508-G02"
"42","AUSCL2006-12","BIOUG02508-G11"
"43","BARSC248-16","BARS_2015_20_248"
"44","BARSF144-16","BARS_2015_34_144"
"45","BARSH138-15","BARS_2015_42_138"
"46","BARSM1245-17","BARS_2016_09_015"
"47","BARSM1297-17","BARS_2016_09_093"
"48","BARSM968-17","BARS_2016_20_155"
"49","BARSM970-17","BARS_2016_20_157"
"50","BAYS1595-24","BAYS_014_F8"
"51","BBDEE814-10","09BBEDI-2777"
"52","BBDIV939-12","BIOUG02576-G12"
"53","BNHMG6619-23","NHMG_122_G8"
"54","CNBFC299-15","BIOUG19384-A01"
"55","CNBFC471-15","BIOUG19491-G06"
"56","CNBFD365-15","BIOUG19495-H02"
"57","CNBFD499-15","BIOUG19552-C06"
"58","CNBFD507-15","BIOUG19552-D02"
"59","CNBFD587-15","BIOUG19553-B11"
"60","CNBFJ238-15","BIOUG20024-C11"
"61","CNBFJ287-15","BIOUG20024-G12"
"62","CNBFJ291-15","BIOUG20024-H04"
"63","CNBFK176-15","BIOUG20097-B10"
"64","CNBFK220-15","BIOUG20097-F06"
"65","CNBFK262-15","BIOUG20165-B01"
"66","CNBFK265-15","BIOUG20165-B04"
"67","CNBFK361-15","BIOUG20166-B05"
"68","CNBFK398-15","BIOUG20166-E06"
"69","CNBFK436-15","BIOUG20166-H08"
"70","CNBFK439-15","BIOUG20166-H11"
"71","CNBFK450-15","BIOUG20167-A11"
"72","CNBPH273-12","BIOUG04472-C07"
"73","CNBPH281-12","BIOUG04472-D03"
"74","CNBPH305-12","BIOUG04472-F03"
"75","CNBPI252-12","BIOUG04479-A05"
"76","CNBPN128-13","BIOUG05877-H10"
"77","CNBPN208-13","BIOUG05878-G07"
"78","CNBPO141-13","BIOUG06169-E04"
"79","CNBPR168-13","BIOUG06074-F01"
"80","CNBPS208-13","BIOUG06079-F10"
"81","CNBPS258-13","BIOUG06081-C01"
"82","CNBPS261-13","BIOUG06081-C04"
"83","CNBPS279-13","BIOUG06081-D10"
"84","CNBPS296-13","BIOUG06081-F03"
"85","CNBRG070-14","BIOUG10453-F06"
"86","CNBRN1610-14","BIOUG11003-B11"
"87","CNBRP274-14","BIOUG11145-G12"
"88","CNEIF730-12","BIOUG04079-E09"
"89","CNFDI137-14","BIOUG11084-E07"
"90","CNFDO199-14","BIOUG11476-D08"
"91","CNFDR049-14","BIOUG11650-G01"
"92","CNFNE167-14","BIOUG10176-H11"
"93","CNFNE1711-14","BIOUG10230-G04"
"94","CNFNE2448-14","BIOUG10279-H06"
"95","CNFNF1338-14","BIOUG10409-A01"
"96","CNFNF1364-14","BIOUG10409-C03"
"97","CNFNF148-14","BIOUG10351-B11"
"98","CNFNF507-14","BIOUG10359-C01"
"99","CNFNG064-14","BIOUG10482-C02"
"100","CNFNG332-14","BIOUG10548-A05"
"101","CNFNG411-14","BIOUG10548-G12"
"102","CNFNG489-14","BIOUG10549-F07"
"103","CNFNG659-14","BIOUG10551-D11"
"104","CNFNG841-14","BIOUG10553-D03"
"105","CNFNG893-14","BIOUG10553-H07"
"106","CNFNH1019-14","BIOUG10714-C08"
"107","CNFNH1040-14","BIOUG10714-E05"
"108","CNFNH1080-14","BIOUG10714-H09"
"109","CNFNH1178-14","BIOUG10716-A01"
"110","CNFNH553-14","BIOUG10709-D05"
"111","CNFNH566-14","BIOUG10709-E06"
"112","CNFNH752-14","BIOUG10711-E02"
"113","CNFNH779-14","BIOUG10711-G05"
"114","CNFNH841-14","BIOUG10712-D08"
"115","CNFNH983-14","BIOUG10713-H07"
"116","CNFNI117-14","BIOUG10813-B06"
"117","CNFNQ1412-14","BIOUG11185-F03"
"118","CNFNR1091-14","BIOUG11859-F06"
"119","CNFNR1190-14","BIOUG11860-F10"
"120","CNFNR1221-14","BIOUG11861-A06"
"121","CNFNR1609-14","BIOUG11865-B02"
"122","CNFNR2088-14","BIOUG11902-D02"
"123","CNFNS625-14","BIOUG12020-G03"
"124","CNFNT114-14","BIOUG12044-H01"
"125","CNFNT1159-14","BIOUG12175-D10"
"126","CNFNT801-14","BIOUG12171-F08"
"127","CNFNU064-14","BIOUG12301-E02"
"128","CNFNU262-14","BIOUG12364-H10"
"129","CNFNU280-14","BIOUG12365-B05"
"130","CNFNU389-14","BIOUG12366-C07"
"131","CNFNU496-14","BIOUG12367-D07"
"132","CNFNU614-14","BIOUG12368-F06"
"133","CNFNU616-14","BIOUG12368-F08"
"134","CNGAE335-15","BIOUG19911-H10"
"135","CNGAG434-15","BIOUG19703-C02"
"136","CNGAO030-15","BIOUG20015-B03"
"137","CNGBE469-14","BIOUG09830-D02"
"138","CNGBF2548-14","BIOUG09961-G10"
"139","CNGBG134-14","BIOUG10065-D03"
"140","CNGBG399-14","BIOUG10162-B07"
"141","CNGBJ580-14","BIOUG10606-A10"
"142","CNGBJ815-14","BIOUG10608-E07"
"143","CNGBN1074-14","BIOUG11328-C05"
"144","CNGBN2284-14","BIOUG11465-F05"
"145","CNGBN2290-14","BIOUG11465-F11"
"146","CNGBN2457-14","BIOUG11467-D12"
"147","CNGBN2589-14","BIOUG11468-H01"
"148","CNGBN2603-14","BIOUG11469-A04"
"149","CNGBN2678-14","BIOUG11469-G07"
"150","CNGCD059-15","BIOUG20130-F06"
"151","AGAKF544-17","BIOUG31810-H03"
"152","AGAKF698-17","BIOUG31831-E03"
"153","AGAKG271-17","BIOUG31795-G03"
"154","AGAKH871-17","BIOUG31852-C10"
"155","AGAKI1621-17","BIOUG31962-F10"
"156","AGAKJ538-17","BIOUG31896-B12"
"157","AGAKK802-17","BIOUG31995-F01"
"158","AGAKP234-17","BIOUG32323-B01"
"159","AGAKQ2628-17","BIOUG32651-E02"
"160","AGAKS089-17","BIOUG32403-H05"
"161","AGAKS1947-17","BIOUG32483-D11"
"162","AMTPE516-15","BC-ZSM-DIP-22492-D05"
"163","AMTPE567-15","BC-ZSM-DIP-22492-H08"
"164","AMTPF1701-16","BC-ZSM-DIP-27703-H02"
"165","ASDIP061-15","BIOUG14573-F01"
"166","ASDMT1210-11","BIOUG01426-H09"
"167","ASDMT1751-11","BIOUG01543-F04"
"168","ASDMT460-11","BIOUG01406-E04"
"169","ASDMT477-11","BIOUG01406-F09"
"170","ASDMT537-11","BIOUG01409-C10"
"171","ASDMT548-11","BIOUG01409-D09"
"172","ASDMT581-11","BIOUG01409-G06"
"173","ASDMT588-11","BIOUG01409-H01"
"174","ASDMT994-11","BIOUG01423-F07"
"175","BARSH245-15","BARS_2015_42_245"
"176","BARSM1154-17","BARS_2016_77_159"
"177","BARSM122-17","BARS_2016_2_206"
"178","BARSM344-17","BARS_2016_24_202"
"179","BARSM794-17","BARS_2016_41_172"
"180","BAYS1054-24","BAYS_007_F9"
"181","BBDCN965-10","10BBCDIP-0680"
"182","BBDEE447-10","09BBEDI-2410"
"183","BBDEE860-10","09BBEDI-2823"
"184","BBDIV1058-12","BIOUG02583-B01"
"185","BCARM045-23","CARM_049_C6"
"186","BNHMG3341-23","MOZZ00000855A_D4"
"187","BNHMG3569-23","MOZZ00000857A_D6"
"188","BNHMG3591-23","MOZZ00000857A_H8"
"189","BNHMG3605-23","MOZZ00000857A_D10"
"190","BNHMG3665-23","MOZZ00000858A_D5"
"191","BNHMG3720-23","MOZZ00000858A_E11"
"192","BNHMG3922-23","NHMG_005_E10"
"193","BNHMG4004-23","NHMG_006_G7"
"194","BNHMG4192-23","NHMG_008_D5"
"195","BNHMG4215-23","NHMG_008_A8"
"196","BNHMG4442-23","NHMG_010_E9"
"197","BNHMG4457-23","NHMG_010_C11"
"198","BNHMG4695-23","NHMG_013_D2"
"199","BNHMG4764-23","NHMG_013_C10"
"200","BNHMG4883-23","NHMG_014_F11"
"201","BNHMG5313-23","NHMG_032_G12"
"202","BNHMG5399-23","NHMG_033_E10"
"203","BNHMG5492-23","NHMG_034_A9"
"204","BNHMG5847-23","NHMG_132_D1"
"205","BNHMG5849-23","NHMG_132_F1"
"206","BNHMG5894-23","NHMG_132_F6"
"207","BNHMG5943-23","NHMG_132_C12"
"208","BNHMG6135-23","NHMG_134_A10"
"209","BNHMG6163-23","NHMG_135_D1"
"210","BNHMG6168-23","NHMG_135_H1"
"211","BNHMG6193-23","NHMG_135_G4"
"212","BNHMG6217-23","NHMG_135_D7"
"213","BNHMG6234-23","NHMG_135_C9"
"214","BNHMG6238-23","NHMG_135_G9"
"215","BNHMG6255-23","NHMG_135_F11"
"216","BNHMG6292-23","NHMG_136_B4"
"217","BNHMG6316-23","NHMG_136_G6"
"218","BNHMG6387-23","NHMG_137_H2"
"219","BNHMG6430-23","NHMG_137_F7"
"220","BNHMG6443-23","NHMG_137_B9"
"221","BNHMG6446-23","NHMG_137_E9"
"222","BNHMG6448-23","NHMG_137_G9"
"223","BNHMG6482-23","NHMG_138_G1"
"224","BNHMG6485-23","NHMG_138_A2"
"225","BNHMG6521-23","NHMG_138_B6"
"226","BNHMG6566-23","NHMG_138_A11"
"227","CNBPO359-13","BIOUG06171-G08"
"228","CNBRD545-14","BIOUG09997-E10"
"229","CNBRD561-14","BIOUG09997-G02"
"230","CNBRH221-14","BIOUG10519-B10"
"231","CNBRP052-14","BIOUG11104-E04"
"232","CNBRR242-14","BIOUG11286-A03"
"233","CNBRR285-14","BIOUG11286-D10"
"234","CNGAB089-15","BIOUG19266-E04"
"235","CNGAB093-15","BIOUG19266-E08"
"236","CNGAB095-15","BIOUG19266-E10"
"237","CNGAB098-15","BIOUG19266-F01"
"238","CNGAB101-15","BIOUG19266-F04"
"239","CNGAB103-15","BIOUG19266-F06"
"240","CNGAB106-15","BIOUG19266-F09"
"241","CNGAB107-15","BIOUG19266-F10"
"242","CNGAB108-15","BIOUG19266-F11"
"243","CNGAB111-15","BIOUG19266-G02"
"244","CNGAB120-15","BIOUG19266-G11"
"245","CNGAB121-15","BIOUG19266-G12"
"246","CNGAB122-15","BIOUG19266-H01"
"247","CNGAB123-15","BIOUG19266-H02"
"248","CNGAB125-15","BIOUG19266-H04"
"249","CNGAB129-15","BIOUG19266-H08"
"250","CNGAB131-15","BIOUG19266-H10"
"251","CNGAB331-15","BIOUG19269-A09"
"252","CNGAB343-15","BIOUG19269-B09"
"253","CNGAB347-15","BIOUG19269-C01"
"254","CNGAB348-15","BIOUG19269-C02"
"255","CNGAB357-15","BIOUG19269-C11"
"256","CNGAB387-15","BIOUG19269-F05"
"257","CNGAC196-15","BIOUG19348-F01"
"258","CNGAC269-15","BIOUG19461-D03"
"259","CNGAC517-15","BIOUG19462-D01"
"260","CNGAE011-15","BIOUG19908-E07"
"261","CNGAE019-15","BIOUG19908-F03"
"262","CNGAE629-15","BIOUG19991-D05"
"263","CNGAF076-15","BIOUG19704-B08"
"264","CNGAF105-15","BIOUG19704-E01"
"265","CNGAG020-15","BIOUG19604-A11"
"266","CNGBD437-13","BIOUG09677-F08"
"267","CNGBE329-14","BIOUG09828-H04"
"268","CNGBF2149-14","BIOUG09956-F03"
"269","CNGBF849-14","BIOUG09858-H05"
"270","CNGBH447-14","BIOUG10387-A05"
"271","CNGBK215-14","BIOUG10823-A11"
"272","CNGBK244-14","BIOUG10823-D04"
"273","CNGBN1029-14","BIOUG11327-G07"
"274","CNGBN2492-14","BIOUG11467-G11"
"275","CNGBN2568-14","BIOUG11468-F04"
"276","CNGBN280-14","BIOUG11065-H06"
"277","CNGBN560-14","BIOUG11280-H01"
"278","CNGUA103-14","BIOUG17679-A08"
"279","CNGUB048-14","BIOUG17752-F01"
"280","CNGUB051-14","BIOUG17752-F04"
"281","CNGUB222-14","BIOUG17918-G09"
"282","CNGUB231-14","BIOUG17918-H06"
"283","CNGUC135-15","BIOUG17996-A02"
"284","CNGUC149-15","BIOUG17996-B04"
"285","CNGUC150-15","BIOUG17996-B05"
"286","CNGUC151-15","BIOUG17996-B06"
"287","CNGUC152-15","BIOUG17996-B07"
"288","CNGUC159-15","BIOUG17996-C02"
"289","CNGUC170-15","BIOUG17996-D01"
"290","CNGUC188-15","BIOUG17996-E07"
"291","CNGUC193-15","BIOUG17996-E12"
"292","CNGUC203-15","BIOUG17996-F10"
"293","CNGUC218-15","BIOUG17996-H01"
"294","CNGUC220-15","BIOUG17996-H03"
"295","CNGUC222-15","BIOUG17996-H05"
"296","CNGUC343-15","BIOUG17998-B08"
"297","CNGUC344-15","BIOUG17998-B09"
"298","CNGUC375-15","BIOUG17998-E04"
"299","CNGUC388-15","BIOUG17998-F05"
"300","CNGUC396-15","BIOUG17998-G01"
"301","ABLCV001-09","CSU-CPG-LEP001951"
"302","ABLCV002-09","CSU-CPG-LEP001952"
"303","ABLCV003-09","CSU-CPG-LEP001953"
"304","ABLCV004-09","CSU-CPG-LEP001954"
"305","ABLCV005-09","CSU-CPG-LEP001955"
"306","ABLCV006-09","CSU-CPG-LEP001956"
"307","ABLCV007-09","CSU-CPG-LEP001957"
"308","ABLCV008-09","CSU-CPG-LEP001958"
"309","AMAZ1357-12","BC-TDMPEG1478"
"310","AMAZ225-09","BC-Dec1789"
"311","AMAZ237-09","BC-Dec1801"
"312","AMAZ248-09","BC-Dec1812"
"313","AMAZ251-09","BC-Dec1815"
"314","AMAZ252-09","BC-Dec1816"
"315","AMAZ255-09","BC-Dec1819"
"316","AMAZ259-09","BC-Dec1823"
"317","AMAZ261-09","BC-Dec1825"
"318","AMAZ308-12","BC-TDMPEG0429"
"319","AMAZ342-12","BC-TDMPEG0463"
"320","AMAZ823-12","BC-TDMPEG0944"
"321","AMAZ824-12","BC-TDMPEG0945"
"322","AMAZ825-12","BC-TDMPEG0946"
"323","AMAZ873-12","BC-TDMPEG0994"
"324","AMAZ874-12","BC-TDMPEG0995"
"325","AMAZ875-12","BC-TDMPEG0996"
"326","AMAZ876-12","BC-TDMPEG0997"
"327","AMAZ877-12","BC-TDMPEG0998"
"328","AMAZ878-12","BC-TDMPEG0999"
"329","AMAZ879-12","BC-TDMPEG1000"
"330","ASARD9872-14","INB0004349991"
"331","AWCLB559-11","AWC-01249"
"332","BAHAR206-17","BAH_28362_D01"
"333","BBLOC575-11","BIOUG01458-A10"
"334","BBLOC620-11","BIOUG01458-E07"
"335","BBLOD1871-11","BIOUG01841-D12"
"336","BBLOD1897-11","BIOUG01841-G02"
"337","BBLOD953-11","BIOUG01569-G08"
"338","BBLOD955-11","BIOUG01569-G10"
"339","BBLOE1436-12","BIOUG01987-D02"
"340","BBLWU298-09","09BBLEP-04978"
"341","BBLWU299-09","09BBLEP-04979"
"342","BBLWU300-09","09BBLEP-04980"
"343","BBLWU301-09","09BBLEP-04981"
"344","BCIOM114-19","YB-BCI168888"
"345","BCIOM115-19","YB-BCI169044"
"346","BLPAA12250-18","17-SRNP-36447"
"347","BLPAA12251-18","17-SRNP-80623"
"348","BLPAA12253-18","17-SRNP-71418"
"349","BLPAA12254-18","17-SRNP-10054"
"350","BLPAA12255-18","17-SRNP-10061.1"
"351","BLPAA13002-18","17-SRNP-105863"
"352","BLPAA13021-18","17-SRNP-105882"
"353","BLPAA13022-18","17-SRNP-105883"
"354","BLPAA13023-18","17-SRNP-105884"
"355","BLPAA13024-18","17-SRNP-105885"
"356","BLPAA13025-18","17-SRNP-105886"
"357","BLPAA13028-18","17-SRNP-105889"
"358","BLPAA13029-18","17-SRNP-105890"
"359","BLPAA13251-18","17-SRNP-106112"
"360","BLPAA13252-18","17-SRNP-106113"
"361","BLPAA13253-18","17-SRNP-106114"
"362","BLPAA13256-18","17-SRNP-106117"
"363","BLPAA13261-18","17-SRNP-106122"
"364","BLPAA13461-18","17-SRNP-106322"
"365","BLPAA13766-18","17-SRNP-106627"
"366","BLPAA15233-19","18-SRNP-106965"
"367","BLPAA15574-19","18-SRNP-107306"
"368","BLPAA15576-19","18-SRNP-107308"
"369","BLPAA18821-20","18-SRNP-55460"
"370","BLPAA18850-20","18-SRNP-55544"
"371","BLPAA18861-20","18-SRNP-1356"
"372","BLPAA18982-20","19-SRNP-55590"
"373","BLPAA20133-20","19-SRNP-101681"
"374","BLPAA20199-20","19-SRNP-101747"
"375","BLPAA20201-20","19-SRNP-101749"
"376","BLPAA20238-20","19-SRNP-101786"
"377","BLPAA20239-20","19-SRNP-101787"
"378","BLPAA20449-20","19-SRNP-101997"
"379","BLPAA22066-20","19-SRNP-103615"
"380","BLPAA22651-20","19-SRNP-104200"
"381","BLPAA2359-17","16-SRNP-106346"
"382","BLPAA2475-17","16-SRNP-106462"
"383","BLPAA2476-17","16-SRNP-106463"
"384","BLPAA24958-21","19-SRNP-1663"
"385","BLPAA24961-21","19-SRNP-70892"
"386","BLPAA29602-21","20-SRNP-102564"
"387","BLPAA29604-21","20-SRNP-102566"
"388","BLPAA31253-21","20-SRNP-749"
"389","BLPAA31395-21","19-SRNP-41743"
"390","BLPAA31846-21","19-SRNP-2139"
"391","BLPAA32369-21","19-SRNP-75918"
"392","BLPAA358-06","06-SRNP-100357"
"393","BLPAA36594-22","20-SRNP-103043"
"394","BLPAA3669-17","16-SRNP-36496"
"395","BLPAA37162-22","20-SRNP-103611"
"396","BLPAA37163-22","20-SRNP-103612"
"397","BLPAA38084-22","20-SRNP-104533"
"398","BLPAA38085-22","20-SRNP-104534"
"399","BLPAA43805-23","21-SRNP-561"
"400","BLPAA44175-23","21-SRNP-61"
"401","BLPAA44790-23","21-SRNP-75857"
"402","BLPAA6826-17","16-SRNP-55642"
"403","BLPAA6827-17","16-SRNP-80731"
"404","BLPAA6828-17","16-SRNP-80733"
"405","BLPAA758-06","06-SRNP-100757"
"406","BLPAA759-06","06-SRNP-100758"
"407","BLPAA7641-17","16-SRNP-35609"
"408","BLPAA8344-17","17-SRNP-102533"
"409","BLPAA8481-17","17-SRNP-102670"
"410","BLPAA8482-17","17-SRNP-102671"
"411","BLPAA878-06","06-SRNP-100877"
"412","BLPAA890-06","06-SRNP-100889"
"413","BLPAA892-06","06-SRNP-100891"
"414","BLPAA9048-17","17-SRNP-103237"
"415","BLPAA9468-17","17-SRNP-103657"
"416","BLPAB288-06","06-SRNP-101227"
"417","BLPAB289-06","06-SRNP-101228"
"418","BLPAD681-06","06-SRNP-103500"
"419","BLPAD839-06","06-SRNP-103658"
"420","BLPAE080-06","06-SRNP-103839"
"421","BLPAE173-06","06-SRNP-103932"
"422","BLPAE174-06","06-SRNP-103933"
"423","BLPAE283-06","06-SRNP-104042"
"424","BLPAE284-06","06-SRNP-104043"
"425","BLPAE286-06","06-SRNP-104045"
"426","BLPAE287-06","06-SRNP-104046"
"427","BLPAE289-06","06-SRNP-104048"
"428","BLPAE290-06","06-SRNP-104049"
"429","BLPAE291-06","06-SRNP-104050"
"430","BLPAE292-06","06-SRNP-104051"
"431","BLPAE302-06","06-SRNP-104061"
"432","BLPAE303-06","06-SRNP-104062"
"433","BLPAE304-06","06-SRNP-104063"
"434","BLPAE305-06","06-SRNP-104064"
"435","BLPAE306-06","06-SRNP-104065"
"436","BLPAE307-06","06-SRNP-104066"
"437","BLPAE308-06","06-SRNP-104067"
"438","BLPAE322-06","06-SRNP-104081"
"439","BLPAE323-06","06-SRNP-104082"
"440","BLPAE565-06","06-SRNP-104324"
"441","BLPAE566-06","06-SRNP-104325"
"442","BLPAE567-06","06-SRNP-104326"
"443","BLPAE568-06","06-SRNP-104327"
"444","BLPAE572-06","06-SRNP-104331"
"445","BLPAE573-06","06-SRNP-104332"
"446","BLPAE574-06","06-SRNP-104333"
"447","BLPAF196-07","06-SRNP-104895"
"448","BLPAF197-07","06-SRNP-104896"
"449","BLPAF198-07","06-SRNP-104897"
"450","BLPAF199-07","06-SRNP-104898"
"451","ABKWR073-07","KENWR 6624"
"452","ABKWR092-07","KENWR 6646c"
"453","ABLCU579-09","CSU-CPG-LEP001579"
"454","ABLCU580-09","CSU-CPG-LEP001580"
"455","ABLCU581-09","CSU-CPG-LEP001581"
"456","ABLCU636-09","CSU-CPG-LEP001636"
"457","ABLCU637-09","CSU-CPG-LEP001637"
"458","ABLCU655-09","CSU-CPG-LEP001655"
"459","ABLCU656-09","CSU-CPG-LEP001656"
"460","ABLCU657-09","CSU-CPG-LEP001657"
"461","ABLCU658-09","CSU-CPG-LEP001658"
"462","ABLCU659-09","CSU-CPG-LEP001659"
"463","ABLCU660-09","CSU-CPG-LEP001660"
"464","ABLCU661-09","CSU-CPG-LEP001661"
"465","ABLCU662-09","CSU-CPG-LEP001662"
"466","ABLCU663-09","CSU-CPG-LEP001663"
"467","ABLCU664-09","CSU-CPG-LEP001664"
"468","ABLCV338-09","CSU-CPG-LEP002288"
"469","ABLCV339-09","CSU-CPG-LEP002289"
"470","ABLCV340-09","CSU-CPG-LEP002290"
"471","ABLCV341-09","CSU-CPG-LEP002291"
"472","ABLCV342-09","CSU-CPG-LEP002292"
"473","ABLCV343-09","CSU-CPG-LEP002293"
"474","ABLCV344-09","CSU-CPG-LEP002294"
"475","ABLCV345-09","CSU-CPG-LEP002295"
"476","ABLCV346-09","CSU-CPG-LEP002296"
"477","ABLCV347-09","CSU-CPG-LEP002297"
"478","ABLCV348-09","CSU-CPG-LEP002298"
"479","ABLCV349-09","CSU-CPG-LEP002299"
"480","ABLCV350-09","CSU-CPG-LEP002300"
"481","ABLCV351-09","CSU-CPG-LEP002301"
"482","ABLCV352-09","CSU-CPG-LEP002302"
"483","ABLCV354-09","CSU-CPG-LEP002304"
"484","ABLCV355-09","CSU-CPG-LEP002305"
"485","ABLCV356-09","CSU-CPG-LEP002306"
"486","ABLCV357-09","CSU-CPG-LEP002307"
"487","ABLCV358-09","CSU-CPG-LEP002308"
"488","ABLCV359-09","CSU-CPG-LEP002309"
"489","ABLCV360-09","CSU-CPG-LEP002310"
"490","ABLCV361-09","CSU-CPG-LEP002311"
"491","ABLCV362-09","CSU-CPG-LEP002312"
"492","ABLCV363-09","CSU-CPG-LEP002313"
"493","ABLCV364-09","CSU-CPG-LEP002314"
"494","ABLCV365-09","CSU-CPG-LEP002315"
"495","ABLCV366-09","CSU-CPG-LEP002316"
"496","ABLCV367-09","CSU-CPG-LEP002317"
"497","ABLCV368-09","CSU-CPG-LEP002318"
"498","ABLCV369-09","CSU-CPG-LEP002319"
"499","ABLCV370-09","CSU-CPG-LEP002320"
"500","ABLCV371-09","CSU-CPG-LEP002321"
"501","ABLCV372-09","CSU-CPG-LEP002322"
"502","ABLCV373-09","CSU-CPG-LEP002323"
"503","ABLCV374-09","CSU-CPG-LEP002324"
"504","ABLCV375-09","CSU-CPG-LEP002325"
"505","ABLCV376-09","CSU-CPG-LEP002326"
"506","ABLCV377-09","CSU-CPG-LEP002327"
"507","ABLCV378-09","CSU-CPG-LEP002328"
"508","ABLCV380-09","CSU-CPG-LEP002330"
"509","ABLCV381-09","CSU-CPG-LEP002331"
"510","ABLCV382-09","CSU-CPG-LEP002332"
"511","ABLCV383-09","CSU-CPG-LEP002333"
"512","ABLCV384-09","CSU-CPG-LEP002334"
"513","ABLCV385-09","CSU-CPG-LEP002335"
"514","ABLCV386-09","CSU-CPG-LEP002336"
"515","ABLCV387-09","CSU-CPG-LEP002337"
"516","ABLCV388-09","CSU-CPG-LEP002338"
"517","ABLCV389-09","CSU-CPG-LEP002339"
"518","ABLCV390-09","CSU-CPG-LEP002340"
"519","ABLCV391-09","CSU-CPG-LEP002341"
"520","ABLCV392-09","CSU-CPG-LEP002342"
"521","ABLCV393-09","CSU-CPG-LEP002343"
"522","ABLCV394-09","CSU-CPG-LEP002344"
"523","ABLCV395-09","CSU-CPG-LEP002345"
"524","ABLCV396-09","CSU-CPG-LEP002346"
"525","ABLCV397-09","CSU-CPG-LEP002347"
"526","ABLCV398-09","CSU-CPG-LEP002348"
"527","ABLCV399-09","CSU-CPG-LEP002349"
"528","ABLCV400-09","CSU-CPG-LEP002350"
"529","ABLCV401-09","CSU-CPG-LEP002351"
"530","ABLCV402-09","CSU-CPG-LEP002352"
"531","ABLCV403-09","CSU-CPG-LEP002353"
"532","ABLCV404-09","CSU-CPG-LEP002354"
"533","ABLCV405-09","CSU-CPG-LEP002355"
"534","ABLCV406-09","CSU-CPG-LEP002356"
"535","ABLCV407-09","CSU-CPG-LEP002357"
"536","ABLCV408-09","CSU-CPG-LEP002358"
"537","ABLCV409-09","CSU-CPG-LEP002359"
"538","ABLCV410-09","CSU-CPG-LEP002360"
"539","ABLCV411-09","CSU-CPG-LEP002361"
"540","ABLCV412-09","CSU-CPG-LEP002362"
"541","ABLCV413-09","CSU-CPG-LEP002363"
"542","ABLCV414-09","CSU-CPG-LEP002364"
"543","ABLCV416-09","CSU-CPG-LEP002366"
"544","ABLCV417-09","CSU-CPG-LEP002367"
"545","ABLCV419-09","CSU-CPG-LEP002369"
"546","ABLCV420-09","CSU-CPG-LEP002370"
"547","ABLCV421-09","CSU-CPG-LEP002371"
"548","ABLCV422-09","CSU-CPG-LEP002372"
"549","ABLCV423-09","CSU-CPG-LEP002373"
"550","ABLCV424-09","CSU-CPG-LEP002374"
"551","ABLCV425-09","CSU-CPG-LEP002375"
"552","ABLCV426-09","CSU-CPG-LEP002376"
"553","ABLCV427-09","CSU-CPG-LEP002377"
"554","ABLCV428-09","CSU-CPG-LEP002378"
"555","ABLCV430-09","CSU-CPG-LEP002380"
"556","ABLCV432-09","CSU-CPG-LEP002382"
"557","ABLCV433-09","CSU-CPG-LEP002383"
"558","ABLCV434-09","CSU-CPG-LEP002384"
"559","ABLCV435-09","CSU-CPG-LEP002385"
"560","ABLCV436-09","CSU-CPG-LEP002386"
"561","ABLCV439-09","CSU-CPG-LEP002389"
"562","ABLCV440-09","CSU-CPG-LEP002390"
"563","ABLCV441-09","CSU-CPG-LEP002391"
"564","ABLCV442-09","CSU-CPG-LEP002392"
"565","ABLCV443-09","CSU-CPG-LEP002393"
"566","ABLCV444-09","CSU-CPG-LEP002394"
"567","ABLCV445-09","CSU-CPG-LEP002395"
"568","ABLCV446-09","CSU-CPG-LEP002396"
"569","ABLCV447-09","CSU-CPG-LEP002397"
"570","ABLCV448-09","CSU-CPG-LEP002398"
"571","ABLCV449-09","CSU-CPG-LEP002399"
"572","ABLCV450-09","CSU-CPG-LEP002400"
"573","ABLCV451-09","CSU-CPG-LEP002401"
"574","ABLCV452-09","CSU-CPG-LEP002402"
"575","ABLCV453-09","CSU-CPG-LEP002403"
"576","ABLCV454-09","CSU-CPG-LEP002404"
"577","ABLCV455-09","CSU-CPG-LEP002405"
"578","ABLCV456-09","CSU-CPG-LEP002406"
"579","ABLCV457-09","CSU-CPG-LEP002407"
"580","ABLCV458-09","CSU-CPG-LEP002408"
"581","ABLCV459-09","CSU-CPG-LEP002409"
"582","ABLCV460-09","CSU-CPG-LEP002410"
"583","ABLCV461-09","CSU-CPG-LEP002411"
"584","ABLCV462-09","CSU-CPG-LEP002412"
"585","ABLCV463-09","CSU-CPG-LEP002413"
"586","ABLCV464-09","CSU-CPG-LEP002414"
"587","ABLCV465-09","CSU-CPG-LEP002415"
"588","ABLCV466-09","CSU-CPG-LEP002416"
"589","ABLCV467-09","CSU-CPG-LEP002417"
"590","ABLCV468-09","CSU-CPG-LEP002418"
"591","ABLCV469-09","CSU-CPG-LEP002419"
"592","ABLCV470-09","CSU-CPG-LEP002420"
"593","ABLCV471-09","CSU-CPG-LEP002421"
"594","ABLCV472-09","CSU-CPG-LEP002422"
"595","ABLCV473-09","CSU-CPG-LEP002423"
"596","ABLCV474-09","CSU-CPG-LEP002424"
"597","ABLCV475-09","CSU-CPG-LEP002425"
"598","ABLCV476-09","CSU-CPG-LEP002426"
"599","ABLCV479-09","CSU-CPG-LEP002429"
"600","ABLCV480-09","CSU-CPG-LEP002430"
"601","AACTA8024-20","BIOUG54155-G02"
"602","ABGEN050-20","BIOUG62861-A08"
"603","ABGEN108-20","BIOUG62861-F06"
"604","ABGEN112-20","BIOUG62861-F10"
"605","ABGEN121-20","BIOUG62861-G07"
"606","ABGEN1230-20","BIOUG62870-H06"
"607","ABGEN1330-20","BIOUG62871-H11"
"608","ABGEN149-20","BIOUG62862-A12"
"609","ABGEN1538-20","BIOUG62874-B06"
"610","ABGEN154-20","BIOUG62862-B05"
"611","ABGEN1543-20","BIOUG62874-B11"
"612","ABGEN1546-20","BIOUG62874-C02"
"613","ABGEN192-20","BIOUG62862-E07"
"614","ABGEN230-20","BIOUG62862-H09"
"615","ABGEN243-20","BIOUG62863-A11"
"616","ABGEN277-20","BIOUG62863-D09"
"617","ABGEN311-20","BIOUG62863-G07"
"618","ABGEN330-20","BIOUG62864-A03"
"619","ABGEN341-20","BIOUG62864-B02"
"620","ABGEN344-20","BIOUG62864-B05"
"621","ABGEN351-20","BIOUG62864-B12"
"622","ABGEN439-20","BIOUG62865-B05"
"623","ABGEN450-20","BIOUG62865-C04"
"624","ABGEN452-20","BIOUG62865-C06"
"625","ABGEN455-20","BIOUG62865-C09"
"626","ABGEN466-20","BIOUG62865-D08"
"627","ABGEN494-20","BIOUG62865-F12"
"628","ABGEN499-20","BIOUG62865-G05"
"629","ABGEN511-20","BIOUG62865-H05"
"630","ABGEN543-20","BIOUG62866-C02"
"631","ABGEN556-20","BIOUG62866-D03"
"632","ABGEN588-20","BIOUG62866-F11"
"633","ABGEN590-20","BIOUG62866-G01"
"634","ABGEN612-20","BIOUG62866-H11"
"635","ABGEN654-20","BIOUG62867-D06"
"636","ABGEN655-20","BIOUG62867-D07"
"637","ABGEN661-20","BIOUG62867-E01"
"638","ABGEN665-20","BIOUG62867-E05"
"639","ABGEN685-20","BIOUG62867-G01"
"640","ABGEN705-20","BIOUG62867-H09"
"641","ABGEN837-20","BIOUG62869-C11"
"642","ABGEN839-20","BIOUG62869-D01"
"643","ABINP2560-21","BIOUG66077-A12"
"644","ABINP2613-21","BIOUG66077-F05"
"645","ABINP2620-21","BIOUG66077-F12"
"646","ABINP2640-21","BIOUG66077-H08"
"647","ABINP3692-21","BIOUG66085-G06"
"648","ABINP3723-21","BIOUG66086-B02"
"649","ABINP3727-21","BIOUG66086-B06"
"650","ABINP3785-21","BIOUG66086-G04"
"651","ABINP3809-21","BIOUG66087-A05"
"652","ABINP3840-21","BIOUG66087-C12"
"653","ABINP3842-21","BIOUG66087-D02"
"654","ABINP3854-21","BIOUG66087-E02"
"655","ABINP3870-21","BIOUG66087-F06"
"656","ABINP3939-21","BIOUG66088-D04"
"657","ABINP3972-21","BIOUG66088-G01"
"658","ABINP4023-21","BIOUG66089-C05"
"659","ABINP4105-21","BIOUG66090-B04"
"660","ABINP4124-21","BIOUG66090-C11"
"661","ABINP4133-21","BIOUG66090-D08"
"662","ABINP4168-21","BIOUG66090-G07"
"663","ABINP4171-21","BIOUG66090-G10"
"664","ABINP4178-21","BIOUG66090-H05"
"665","ABINP4187-21","BIOUG66091-A03"
"666","ABINP4200-21","BIOUG66091-B04"
"667","ABINP4209-21","BIOUG66091-C01"
"668","ABINP4224-21","BIOUG66091-D04"
"669","ABINP4225-21","BIOUG66091-D05"
"670","ABINP4235-21","BIOUG66091-E03"
"671","ABINP4322-21","BIOUG66092-D07"
"672","ABINP4363-21","BIOUG66092-G12"
"673","ABINP4386-21","BIOUG66093-A12"
"674","ABINP4407-21","BIOUG66093-C09"
"675","ABINP4418-21","BIOUG66093-D08"
"676","ABINP4431-21","BIOUG66093-E09"
"677","ABINP4432-21","BIOUG66093-E10"
"678","ABINP4451-21","BIOUG66093-G05"
"679","ABINP4528-21","BIOUG66094-E11"
"680","ABINP4590-21","BIOUG66095-C02"
"681","ABINP4605-21","BIOUG66095-D05"
"682","ABINP4612-21","BIOUG66095-D12"
"683","ABINP4624-21","BIOUG66095-E12"
"684","ABINP4674-21","BIOUG66096-B03"
"685","ABINP4683-21","BIOUG66096-B12"
"686","ABINP4719-21","BIOUG66096-E12"
"687","ABINP4743-21","BIOUG66096-G12"
"688","ABINP4757-21","BIOUG66097-A03"
"689","ABINP4784-21","BIOUG66097-C06"
"690","ABINP4798-21","BIOUG66097-D08"
"691","ABINP4799-21","BIOUG66097-D09"
"692","ABINP4804-21","BIOUG66097-E02"
"693","ABINP4805-21","BIOUG66097-E03"
"694","ABINP4833-21","BIOUG66097-G07"
"695","ABINP4842-21","BIOUG66097-H04"
"696","ABINP5167-21","BIOUG75601-C09"
"697","ABINP5181-21","BIOUG75601-D11"
"698","ABINP5187-21","BIOUG75601-E05"
"699","ABINP5193-21","BIOUG75601-E11"
"700","ABINP5202-21","BIOUG75601-F08"
"701","ABINP5231-21","BIOUG75602-A02"
"702","ABINP5280-21","BIOUG75602-E03"
"703","ABINP5290-21","BIOUG75602-F01"
"704","ABINP5292-21","BIOUG75602-F03"
"705","ABINP5319-21","BIOUG75602-H06"
"706","ABINP5320-21","BIOUG75602-H07"
"707","ABINP5324-21","BIOUG75602-H11"
"708","ABINP5348-21","BIOUG75603-B12"
"709","ABINP5386-21","BIOUG75603-F02"
"710","ABINP5730-21","BIOUG75606-A04"
"711","ABINP5731-21","BIOUG75606-A05"
"712","ABINP5733-21","BIOUG75606-A07"
"713","ABINP5737-21","BIOUG75606-A11"
"714","ABINP5746-21","BIOUG75606-B08"
"715","ABINP5768-21","BIOUG75606-D06"
"716","ABINP5771-21","BIOUG75606-D09"
"717","ABINP5773-21","BIOUG75606-D11"
"718","ABINP5777-21","BIOUG75606-E03"
"719","ABINP5781-21","BIOUG75606-E07"
"720","ABINP5787-21","BIOUG75606-F01"
"721","ABINP5796-21","BIOUG75606-F10"
"722","ABINP5799-21","BIOUG75606-G01"
"723","ABINP5805-21","BIOUG75606-G07"
"724","ABINP5812-21","BIOUG75606-H02"
"725","ABINP5815-21","BIOUG75606-H05"
"726","ABINP5817-21","BIOUG75606-H07"
"727","ABINP5823-21","BIOUG75607-A02"
"728","ABINP5834-21","BIOUG75607-B01"
"729","ABINP5841-21","BIOUG75607-B08"
"730","ABINP5871-21","BIOUG75607-E02"
"731","ABINP5872-21","BIOUG75607-E03"
"732","ABINP5879-21","BIOUG75607-E10"
"733","ABINP5881-21","BIOUG75607-E12"
"734","ABINP5882-21","BIOUG75607-F01"
"735","ABINP5893-21","BIOUG75607-F12"
"736","ABINP5903-21","BIOUG75607-G10"
"737","ABINP5905-21","BIOUG75607-G12"
"738","ABINP5906-21","BIOUG75607-H01"
"739","ABINP5915-21","BIOUG75607-H10"
"740","ABINP5919-21","BIOUG75608-A03"
"741","ABINP5923-21","BIOUG75608-A07"
"742","ABINP5926-21","BIOUG75608-A10"
"743","ABINP5927-21","BIOUG75608-A11"
"744","ABINP5937-21","BIOUG75608-B09"
"745","ABINP5945-21","BIOUG75608-C05"
"746","ABINP5946-21","BIOUG75608-C06"
"747","ABINP5947-21","BIOUG75608-C07"
"748","ABINP5959-21","BIOUG75608-D07"
"749","ABINP5963-21","BIOUG75608-D11"
"750","ABINP5972-21","BIOUG75608-E08"
"751","AFTAC002-20","JV102"
"752","AFTAC037-20","JV137"
"753","AFTAC046-20","JV146"
"754","AFTAC062-20","JV162"
"755","AFTAC063-20","JV163"
"756","AFTAC072-20","JV172"
"757","AFTAC095-20","JV195"
"758","AFTAC097-20","JV002"
"759","AFTAC098-20","JV003"
"760","AFTAC109-20","JV014"
"761","AFTAC116-20","JV021"
"762","AFTAC117-20","JV022"
"763","AFTAC118-20","JV023"
"764","AFTAC119-20","JV024"
"765","AFTAC120-20","JV025"
"766","AFTAC126-20","JV031"
"767","AFTAC152-20","JV057"
"768","AFTAC155-20","JV060"
"769","AFTAC158-20","JV063"
"770","AFTAC160-20","JV065"
"771","AFTAC162-20","JV067"
"772","AFTAC163-20","JV068"
"773","AFTAC164-20","JV069"
"774","AFTAC167-20","JV072"
"775","AFTAC168-20","JV073"
"776","AFTAC170-20","JV075"
"777","AFTAC175-20","JV080"
"778","AFTAC192-20","JV202"
"779","AFTAC261-20","JV271"
"780","AFTAC273-20","JV283"
"781","AFTAC277-20","JV287"
"782","AGAKT303-17","BIOUG32607-D08"
"783","AGIRI222-17","RO-NBAIR-222"
"784","AGIRI228-17","RO-NBAIR-228"
"785","AMTPF1179-16","BC-ZSM-DIP-27698-D03"
"786","AMTPF1192-16","BC-ZSM-DIP-27698-E04"
"787","AMTPF1196-16","BC-ZSM-DIP-27698-E08"
"788","AMTPF1204-16","BC-ZSM-DIP-27698-F04"
"789","AMTPF1233-16","BC-ZSM-DIP-27698-H09"
"790","AMTPF1244-16","BC-ZSM-DIP-27699-A09"
"791","AMTPF1370-16","BC-ZSM-DIP-27700-D04"
"792","AMTPF1380-16","BC-ZSM-DIP-27700-E02"
"793","AMTPF1404-16","BC-ZSM-DIP-27700-G02"
"794","ARCHI1681-17","BIOUG36791-A08"
"795","ARCHI1684-17","BIOUG36791-A11"
"796","ARCHI1685-17","BIOUG36791-A12"
"797","ARCHI1690-17","BIOUG36791-B05"
"798","ARCHI1691-17","BIOUG36791-B06"
"799","ARCHI1799-17","BIOUG36792-C07"
"800","ARCHI1808-17","BIOUG36792-D04"
"801","ARCHI1810-17","BIOUG36792-D06"
"802","ARCHI1812-17","BIOUG36792-D08"
"803","ARCHI1816-17","BIOUG36792-D12"
"804","ARCHI1848-17","BIOUG36792-G08"
"805","ARCHI1849-17","BIOUG36792-G09"
"806","ARGAB159-19","BIOUG46008-A05"
"807","ARGAB160-19","BIOUG46008-A06"
"808","ARGAB186-19","BIOUG45925-H08"
"809","ARGAB187-19","BIOUG45925-H09"
"810","ARGAB302-19","BIOUG45925-G01"
"811","ARGAB3284-19","BIOUG46284-H10"
"812","ARGAB3525-19","BIOUG46284-C11"
"813","ARGAB3527-19","BIOUG46284-D01"
"814","ARGAB353-19","BIOUG46008-C11"
"815","ARGAB387-19","BIOUG46008-G09"
"816","ARGAB388-19","BIOUG46008-G10"
"817","ARGAB542-19","BIOUG46011-B01"
"818","ARGAB543-19","BIOUG46011-B02"
"819","ARGAB544-19","BIOUG46011-B03"
"820","ARGAB6724-19","BIOUG46406-B11"
"821","ARGAB6725-19","BIOUG46406-B12"
"822","ARGAB6726-19","BIOUG46406-C01"
"823","ARGAB6727-19","BIOUG46406-C02"
"824","ARGAB6750-19","BIOUG46406-E01"
"825","ARGAB6751-19","BIOUG46406-E02"
"826","ARGAB6752-19","BIOUG46406-E03"
"827","ARGAB6753-19","BIOUG46406-E04"
"828","ARGAB6755-19","BIOUG46406-E06"
"829","ARGAB6760-19","BIOUG46406-E11"
"830","ARGAB6762-19","BIOUG46406-F01"
"831","ARGAB6766-19","BIOUG46406-F05"
"832","ARGAB6767-19","BIOUG46406-F06"
"833","ARGAB6772-19","BIOUG46406-F11"
"834","ARGAB6773-19","BIOUG46406-F12"
"835","ARGAB6781-19","BIOUG46406-G08"
"836","ARGAB6783-19","BIOUG46406-G10"
"837","ARGAB7181-19","BIOUG46531-A05"
"838","ARGAB7182-19","BIOUG46531-A06"
"839","ARGAB7183-19","BIOUG46531-A07"
"840","ARGAB7184-19","BIOUG46531-A08"
"841","ARGAB7185-19","BIOUG46531-A09"
"842","ARGAB7189-19","BIOUG46531-B01"
"843","ARGAB7190-19","BIOUG46531-B02"
"844","ARGAB7191-19","BIOUG46531-B03"
"845","ARGAB7194-19","BIOUG46531-B06"
"846","ARGAB7195-19","BIOUG46531-B07"
"847","ARGAB7200-19","BIOUG46531-B12"
"848","ARGAB7221-19","BIOUG46531-D09"
"849","ARGAB7224-19","BIOUG46531-D12"
"850","ARGAB7226-19","BIOUG46531-E02"
"851","ARGAB7236-19","BIOUG46531-E12"
"852","ARGAB7558-19","BIOUG46427-F09"
"853","ARGAB7562-19","BIOUG46427-G01"
"854","ARGAB7567-19","BIOUG46427-G06"
"855","ARGAB7568-19","BIOUG46427-G07"
"856","ARGAB7731-19","BIOUG46534-E06"
"857","ARGAB7742-19","BIOUG46534-F05"
"858","ARGAB7751-19","BIOUG46534-G02"
"859","ARGAB7752-19","BIOUG46534-G03"
"860","ARGAB7765-19","BIOUG46534-H04"
"861","ARGAB7864-19","BIOUG46535-H08"
"862","ARGAB7865-19","BIOUG46535-H09"
"863","ARGAB7867-19","BIOUG46535-H11"
"864","ARGAB8546-19","BIOUG46583-B02"
"865","ASMII10288-22","BIOUG85149-C04"
"866","ASMII13655-22","BIOUG85705-F10"
"867","ASMII13880-22","BIOUG85708-A10"
"868","ASMII4251-22","BIOUG84504-F11"
"869","ASMII4712-22","BIOUG80757-F01"
"870","ASMII4751-22","BIOUG80758-A05"
"871","ASMII5349-22","BIOUG82739-D11"
"872","ASMII5625-22","BIOUG80200-B08"
"873","ASMII5687-22","BIOUG80200-G10"
"874","ASMII5960-22","BIOUG84507-F10"
"875","ASMII5962-22","BIOUG84507-F12"
"876","ASMII5963-22","BIOUG84507-G01"
"877","ASMII5967-22","BIOUG84507-G05"
"878","ASMII6241-22","BIOUG84510-F06"
"879","ASMII8558-22","BIOUG80763-B09"
"880","ASMII8593-22","BIOUG80763-E08"
"881","BARSJ201-16","BARS_2015_77_201"
"882","BARSM801-17","BARS_2016_41_174"
"883","BARSM919-17","BARS_2016_34_145"
"884","BBDED302-10","09BBEDI-1284"
"885","BBDIT1074-11","BIOUG01817-G04"
"886","BBDIT1075-11","BIOUG01817-G05"
"887","BBDIT1076-11","BIOUG01817-G06"
"888","BBDIT1531-12","BIOUG01242-D12"
"889","BBDIT1578-12","BIOUG01242-H11"
"890","BBDIV003-12","BIOUG01243-A03"
"891","BBDIV111-12","BIOUG01244-B04"
"892","BCBEE510-22","BIOUG71205-C11"
"893","BCFOR1032-16","CCDB 27545 F06"
"894","BCFOR1033-16","CCDB 27545 F07"
"895","BCFOR1049-16","CCDB 27545 G11"
"896","BCFOR1050-16","CCDB 27545 G12"
"897","BCFOR1051-16","CCDB 27545 H01"
"898","BCFOR1052-16","CCDB 27545 H02"
"899","BCFOR1054-16","CCDB 27545 H04"
"900","BCFOR1055-16","CCDB 27545 H05"
"901","ACMC008-04","AF425847"
"902","ACMC044-04","mosq174-12"
"903","ACMC045-04","mosq174-9"
"904","ACMC051-04","mosq176-50"
"905","ACMC066-04","mosq184-42"
"906","ACMC077-04","mosq191-29ab"
"907","ACMC101-04","mosq281-11ab"
"908","ACMC106-04","mosq281-37"
"909","ACMC229-04","mosqPP10"
"910","ACMC230-04","mosqPP2"
"911","ACMC231-04","mosqPP3"
"912","ACMC232-04","mosqPP4"
"913","ACMC233-04","mosqPP5"
"914","ACMC234-04","mosqPP6"
"915","ACMC235-04","mosqPP7"
"916","ACMC236-04","mosqPP9"
"917","ACMC245-04","mosqRN19"
"918","ACMC246-04","mosqRN20"
"919","ACMC247-04","mosqRN22"
"920","ACMC248-04","mosqRN23"
"921","ACMC249-04","mosqRN24"
"922","ACMC250-04","mosqRN25"
"923","ACMC251-04","mosqRN26"
"924","ACMC252-04","mosqRN27"
"925","ACMC253-04","mosqRN28"
"926","ACMC254-04","mosqRN29"
"927","ACMC265-04","mosqSN33mF2"
"928","ACMC266-04","mosqSN34mF2"
"929","ACMC267-04","mosqSN35mF5"
"930","ACMC268-04","mosqSN37"
"931","ACMC269-04","mosqSN38"
"932","ACMC282-04","mosqTT40"
"933","ACMC283-04","mosqTT41"
"934","ACMIP003-07","ACMIPmosqBC3-9"
"935","ACMIP004-07","ACMIPmosqBC3-10"
"936","ACMIP005-07","ACMIPmosqBC3-11"
"937","ACMIP006-07","ACMIPmosqBC3-12"
"938","ACMIP009-07","ACMIPmosqBC8-4"
"939","ACMIP010-07","ACMIPmosqBC8-5"
"940","ACMIP011-07","ACMIPmosqBC8-6"
"941","ACMIP012-07","ACMIPmosqBC8-7"
"942","ACMIP022-07","ACMIPmosqBC26-3"
"943","ACMIP023-07","ACMIPmosqBC33a"
"944","ACMIP024-07","ACMIPmosqBC33b"
"945","ACMIP050-07","ACMIPmosqNF2"
"946","ACMIP111-07","ACMIPmosqFL100A"
"947","ACMIP112-07","ACMIPmosqFL100B"
"948","ACMIP114-07","ACMIPmosqFL100E"
"949","ACMIP118-07","ACMIPmosqFL102A"
"950","ACMIP119-07","ACMIPmosqFL102C"
"951","ACMIP120-07","ACMIPmosqFL102E"
"952","ACMIP122-07","ACMIPmosqFL106B"
"953","ACMIP123-07","ACMIPmosqFL106C"
"954","ACMIP124-07","ACMIPmosqFL106D"
"955","ACMIP125-07","ACMIPmosqFL106E"
"956","ACMIP126-07","ACMIPmosqFL106F"
"957","ACMIP127-07","ACMIPmosqFL106G"
"958","ACMIP128-07","ACMIPmosqFL106H"
"959","ACMIP129-07","ACMIPmosqFL106I"
"960","ACMIP130-07","ACMIPmosqFL106J"
"961","ACMIP131-07","ACMIPmosqFL106K"
"962","ACMIP132-07","ACMIPmosqFL107B"
"963","ACMIP133-07","ACMIPmosqFL107C"
"964","ACMIP134-07","ACMIPmosqFL107D"
"965","ACMIP135-07","ACMIPmosqFL107E"
"966","ACMIP137-07","ACMIPmosqFL109A"
"967","ACMIP138-07","ACMIPmosqFL109B"
"968","ACMIP139-07","ACMIPmosqFL109C"
"969","ACMIP140-07","ACMIPmosqFL109D"
"970","ACMIP141-07","ACMIPmosqFL109E"
"971","ACMIP142-07","ACMIPmosqFL111B"
"972","ACMIP143-07","ACMIPmosqFL111C"
"973","ACMIP144-07","ACMIPmosqFL112A"
"974","ACMIP145-07","ACMIPmosqFL113A"
"975","ACMIP146-07","ACMIPmosqFL114A"
"976","ACMIP157-07","ACMIPmosqFL121A"
"977","ACMIP160-07","ACMIPmosqFL121B"
"978","ACMIP172-07","ACMIPmosqFL21A"
"979","ACMIP173-07","ACMIPmosqFL21B"
"980","ACMIP174-07","ACMIPmosqFL21C"
"981","ACMIP175-07","ACMIPmosqFL21D"
"982","ACMIP176-07","ACMIPmosqFL21E"
"983","ACMIP177-07","ACMIPmosqFL21F"
"984","ACMIP179-07","ACMIPmosqFL21J"
"985","ACMIP208-07","ACMIPmosqRQu5D"
"986","ACMIP209-07","ACMIPmosqRQu5E"
"987","ACMIP210-07","ACMIPmosqRQu5F"
"988","ACMIP211-07","ACMIPmosqRQu5G"
"989","ACMIP212-07","ACMIPmosqRQu5H"
"990","ACMIP217-07","ACMIPmosqRQu5M"
"991","ACMIP218-07","ACMIPmosqRQu5N"
"992","ACMIP219-07","ACMIPmosqRQu5O"
"993","ACMIP220-07","ACMIPmosqRQu5P"
"994","ACMIP221-07","ACMIPmosqRQu5Q"
"995","ACMIP222-07","ACMIPmosqRQu5R"
"996","ACMIP223-07","ACMIPmosqRQu5S"
"997","ACMIP224-07","ACMIPmosqRQu5T"
"998","ACMIP320-07","ACMIPmosq01-16"
"999","ACMIP321-07","ACMIPmosq01-24"
"1000","ACMIP322-07","ACMIPmosq01-25"
"1001","ABLCV070-09","CSU-CPG-LEP002020"
"1002","ACGIN096-11","11-SRNP-1656"
"1003","ACGIN098-11","11-SRNP-69725"
"1004","ACGIN099-11","11-SRNP-21044"
"1005","ACGIN100-11","11-SRNP-21033"
"1006","ACGIN101-11","11-SRNP-12986"
"1007","ACGIN102-11","11-SRNP-12985"
"1008","AMAZ1284-12","BC-TDMPEG1405"
"1009","AMAZ1294-12","BC-TDMPEG1415"
"1010","AMAZ1295-12","BC-TDMPEG1416"
"1011","AMAZ1296-12","BC-TDMPEG1417"
"1012","AMAZ1311-12","BC-TDMPEG1432"
"1013","AMAZ1312-12","BC-TDMPEG1433"
"1014","AMAZ1313-12","BC-TDMPEG1434"
"1015","AMAZ1318-12","BC-TDMPEG1439"
"1016","AMAZ1319-12","BC-TDMPEG1440"
"1017","AMAZ1320-12","BC-TDMPEG1441"
"1018","AMAZ1329-12","BC-TDMPEG1450"
"1019","AMAZ1330-12","BC-TDMPEG1451"
"1020","AMAZ1336-12","BC-TDMPEG1457"
"1021","AMAZ1348-12","BC-TDMPEG1469"
"1022","AMAZ1354-12","BC-TDMPEG1475"
"1023","AMAZ1355-12","BC-TDMPEG1476"
"1024","AMAZ1359-12","BC-TDMPEG1480"
"1025","AMAZ1360-12","BC-TDMPEG1481"
"1026","AMAZ222-09","BC-Dec1786"
"1027","AMAZ223-09","BC-Dec1787"
"1028","AMAZ224-09","BC-Dec1788"
"1029","AMAZ226-09","BC-Dec1790"
"1030","AMAZ228-09","BC-Dec1792"
"1031","AMAZ232-09","BC-Dec1796"
"1032","AMAZ235-09","BC-Dec1799"
"1033","AMAZ238-09","BC-Dec1802"
"1034","AMAZ245-09","BC-Dec1809"
"1035","AMAZ246-09","BC-Dec1810"
"1036","AMAZ247-09","BC-Dec1811"
"1037","AMAZ257-09","BC-Dec1821"
"1038","AMAZ260-09","BC-Dec1824"
"1039","AMAZ270-09","BC-Dec1834"
"1040","AMAZ273-09","BC-Dec1837"
"1041","AMAZ278-09","BC-Dec1842"
"1042","AMAZ281-09","BC-Dec1845"
"1043","AMAZ283-09","BC-Dec1847"
"1044","AMAZ284-09","BC-Dec1848"
"1045","AMAZ285-09","BC-Dec1849"
"1046","AMAZ286-09","BC-Dec1850"
"1047","AMAZ294-12","BC-TDMPEG0415"
"1048","AMAZ295-12","BC-TDMPEG0416"
"1049","AMAZ296-12","BC-TDMPEG0417"
"1050","AMAZ297-12","BC-TDMPEG0418"
